"unique_code","move_id","partner_id","product_name","account_name","date_maturity","date","debit","credit","ref","name"
57306,13664,700,,"Hacienda Pública. IVA soportado",,"2019-10-15","97.44","0.0","FV19/01171","21% IVA soportado (bienes corrientes)"
57305,13664,700,,"Acreedores por prestaciones de servicios (euros)","2019-12-25","2019-10-15","0.0","561.44","FV19/01171","FV19/01171"
57304,13664,700,"RECUBRIMIENTO ZINCADO/GALVANIZADO","Galbanizados ",,"2019-10-15","464.0","0.0","FV19/01171","DECAPAR + GRANALLAR"
57303,13663,737,,"Acreedores por prestaciones de servicios (euros)",,"2019-10-17","4114.0","0.0",201903345,"/"
57302,13663,737,,"SABADELL 6408",,"2019-10-17","0.0","4114.0",201903345,"/"
57301,13662,737,,"Hacienda Pública. IVA soportado",,"2019-10-16","714.0","0.0","F2019-0508","21% IVA soportado (bienes corrientes)"
57300,13662,737,"VARIOS - SIN DEFINIR","SERVICIOS ODOO",,"2019-10-16","3400.0","0.0","F2019-0508","BOSSA DE 50H DE SUPORT"
57299,13662,737,,"Acreedores por prestaciones de servicios (euros)","2019-10-16","2019-10-16","0.0","4114.0","F2019-0508 - COMPRA/2019/0994","F2019-0508"
57298,13661,716,,"Acreedores por prestaciones de servicios (euros)",,"2019-10-16","22.39","0.0",201903343,"/"
57297,13661,716,,"LA CAIXA 9400",,"2019-10-16","0.0","22.39",201903343,"/"
57296,13660,716,,"Hacienda Pública. IVA soportado",,"2019-10-14","3.89","0.0",2191455,"21% IVA soportado (bienes corrientes)"
57295,13660,716,"(CC600) APROVISIONAMIENTOS - MERCADERIAS","Compras de mercaderías",,"2019-10-14","18.5","0.0",2191455,"RASCADOR COLLARIN"
57294,13660,716,,"Acreedores por prestaciones de servicios (euros)","2019-10-14","2019-10-14","0.0","22.39","2191455 - COMPRA/2019/0993",2191455
57293,13659,163,,"Acreedores por prestaciones de servicios (euros)",,"2019-10-01","0.0","4550.87","STJ2019263","/"
57292,13659,163,,"FACTURAS RECTIFICATIVAS",,"2019-10-01","4550.87","0.0","STJ2019263","/"
57291,13658,163,,"Acreedores por prestaciones de servicios (euros)",,"2019-10-01","277.7","0.0","STJ2019262","/"
57290,13658,163,,"Acreedores por prestaciones de servicios (euros)",,"2019-10-01","339.41","0.0","STJ2019262","/"
57289,13658,163,,"Acreedores por prestaciones de servicios (euros)",,"2019-10-01","108.0","0.0","STJ2019262","/"
57288,13658,163,,"Acreedores por prestaciones de servicios (euros)",,"2019-10-01","169.7","0.0","STJ2019262","/"
57287,13658,163,,"Acreedores por prestaciones de servicios (euros)",,"2019-10-01","678.85","0.0","STJ2019262","/"
57286,13658,163,,"Acreedores por prestaciones de servicios (euros)",,"2019-10-01","647.96","0.0","STJ2019262","/"
57285,13658,163,,"Acreedores por prestaciones de servicios (euros)",,"2019-10-01","332.75","0.0","STJ2019262","/"
57284,13658,163,,"FACTURAS RECTIFICATIVAS",,"2019-10-01","0.0","2554.37","STJ2019262","/"
57283,13657,163,,"Acreedores por prestaciones de servicios (euros)",,"2019-10-01","332.75","0.0","STJ2019261","/"
57282,13657,163,,"FACTURAS RECTIFICATIVAS",,"2019-10-01","0.0","332.75","STJ2019261","/"
57281,13656,163,,"Acreedores por prestaciones de servicios (euros)",,"2019-10-01","332.75","0.0","STJ2019260","/"
57280,13656,163,,"FACTURAS RECTIFICATIVAS",,"2019-10-01","0.0","332.75","STJ2019260","/"
57279,13655,163,,"Acreedores por prestaciones de servicios (euros)",,"2019-10-01","332.75","0.0","STJ2019259","/"
57278,13655,163,,"FACTURAS RECTIFICATIVAS",,"2019-10-01","0.0","332.75","STJ2019259","/"
57277,13654,163,,"Acreedores por prestaciones de servicios (euros)",,"2019-10-01","332.75","0.0","STJ2019258","/"
57276,13654,163,,"FACTURAS RECTIFICATIVAS",,"2019-10-01","0.0","332.75","STJ2019258","/"
57275,13653,163,,"Acreedores por prestaciones de servicios (euros)",,"2019-10-01","332.75","0.0","STJ2019257","/"
57274,13653,163,,"FACTURAS RECTIFICATIVAS",,"2019-10-01","0.0","332.75","STJ2019257","/"
57273,13652,163,,"Acreedores por prestaciones de servicios (euros)",,"2019-10-01","332.75","0.0","STJ2019256","/"
57272,13652,163,,"FACTURAS RECTIFICATIVAS",,"2019-10-01","0.0","332.75","STJ2019256","/"
57271,13651,163,,"Acreedores por prestaciones de servicios (euros)","2019-10-31","2019-10-01","4550.87","0.0","AVENTA/2019/0036 - ACOMPRA/2019/0049","AVENTA/2019/0036"
57270,13651,163,"VARIOS - SIN DEFINIR","Balmes (odoo)",,"2019-10-01","0.0","3761.05","AVENTA/2019/0036","DEV"
57269,13651,163,,"Hacienda Pública. IVA soportado",,"2019-10-01","0.0","789.82","AVENTA/2019/0036","21% IVA soportado (bienes corrientes)"
57268,13650,769,"(CC600) APROVISIONAMIENTOS - MERCADERIAS","Compras de mercaderías",,"2019-10-04","1389.38","0.0","A 126","DECAGRAF NETEJADOR"
57267,13650,769,,"Acreedores por prestaciones de servicios (euros)","2019-11-05","2019-10-04","0.0","1681.15","A 126","A 126"
57266,13650,769,,"Hacienda Pública. IVA soportado",,"2019-10-04","291.77","0.0","A 126","21% IVA soportado (bienes corrientes)"
57265,13649,655,"ROLLO PAPEL CELULOSA (2UDS)","Compras de otros aprovisionamientos",,"2019-10-15","109.92","0.0","A 2522","[RVSE45] SECAMANOS INDUSTRIAL 2 CAPAS RECICLADO 450M 2U BLANCO"
57264,13649,655,,"Hacienda Pública. IVA soportado",,"2019-10-15","55.07","0.0","A 2522","21% IVA soportado (bienes corrientes)"
57263,13649,655,"(CC627) GASTOS DE REPRESENTACION","Publicidad, propaganda y relaciones públicas",,"2019-10-15","50.1","0.0","A 2522","200 tarjetas de visita 85x55mm 350g 4+4 estucado semi mate"
57262,13649,655,,"Acreedores por prestaciones de servicios (euros)","2019-12-25","2019-10-15","0.0","317.31","A 2522","A 2522"
57261,13649,655,"TALONARIO ALBARANES DE ENTREGA MANUAL (TALLER)","Compra Material Oficina",,"2019-10-15","57.79","0.0","A 2522","[F258236] TALONARIO 50 H. APLI 4º APAISADO TRIPLICADO"
57260,13649,655,"ROTULADOR MARCADOR PERMANENTE - NEGRO (TALLER)","Compras de otros aprovisionamientos",,"2019-10-15","9.85","0.0","A 2522","ROTULADOR Q-CONNECT MARCADOR PERMANENTE NEGRO PUNTA BISELADA 5.0"
57259,13649,655,"(CC629) MATERIAL DE OFICINA","Compra Material Oficina",,"2019-10-15","34.58","0.0","A 2522","SEPARADOR Q-CONNECT PLASTICO JUEGO DE 10 SEPARADORES DIN A4-MULT"
57258,13648,132,,"Clientes (euros)",,"2019-10-15","0.0","534.82",201903338,"/"
57257,13648,132,,"Clientes (euros)",,"2019-10-15","0.0","5239.3",201903338,"/"
57256,13648,132,,"LA CAIXA 9400",,"2019-10-15","5774.12","0.0",201903338,"/"
57255,13647,768,,"Acreedores por prestaciones de servicios (euros)",,"2019-10-15","16.4","0.0","STJ2019255","/"
57254,13647,768,,"FACTURAS RECTIFICATIVAS",,"2019-10-15","0.0","16.4","STJ2019255","/"
57253,13646,768,,"Acreedores por prestaciones de servicios (euros)",,"2019-10-15","0.0","16.4","ERROR DE ELLOS","/"
57252,13646,768,,"FACTURAS RECTIFICATIVAS",,"2019-10-15","16.4","0.0","ERROR DE ELLOS","/"
57251,13645,768,"PORTES PAQUETERIA (NACEX)","Paqueteria",,"2019-10-15","0.0","13.55","O 837100335","PORTES PAQUETERIA (NACEX)"
57250,13645,768,,"Acreedores por prestaciones de servicios (euros)","2019-10-15","2019-10-15","16.4","0.0","O 837100335 - ACOMPRA/2019/0048","R 183"
57249,13645,768,,"Hacienda Pública. IVA soportado",,"2019-10-15","0.0","2.85","O 837100335","21% IVA soportado (bienes corrientes)"
57248,13644,351,,"Clientes (euros)",,"2019-10-16","0.0","3025.0"," PC1800760","/"
57247,13644,351,,"LA CAIXA 9400",,"2019-10-16","3025.0","0.0"," PC1800760","/"
57246,13643,132,,"Clientes (euros)",,"2019-10-15","0.0","6981.4",201903335,"/"
57245,13643,132,,"SABADELL 6408",,"2019-10-15","6981.4","0.0",201903335,"/"
57244,13642,750,,"Acreedores por prestaciones de servicios (euros)",,"2019-10-15","1318.13","0.0",201903334,"/"
57243,13642,750,,"SABADELL 6408",,"2019-10-15","0.0","1318.13",201903334,"/"
57242,13641,750,,"Acreedores por prestaciones de servicios (euros)",,"2019-10-15","1559.03","0.0",201903333,"/"
57241,13641,750,,"SABADELL 6408",,"2019-10-15","0.0","1559.03",201903333,"/"
57240,13640,277,"GAS 8672 JDL - RENAULT TRAFIC","GASTOS GASOIL",,"2019-09-30","69.74","0.0","4 1902216","[GAS 8672 JDL] GAS 8672 JDL - RENAULT TRAFIC"
57239,13640,277,,"Acreedores por prestaciones de servicios (euros)","2019-10-20","2019-09-30","0.0","1345.94","4 1902216","4 1902216"
57238,13640,277,"GAS TORO - CARRETILLA MECANICA","GASTOS GASOIL",,"2019-09-30","0.0","0.0","4 1902216","[GAS TORO] GAS TORO - CARRETILLA MECANICA 3870"
57237,13640,277,,"GASTOS GASOIL",,"2019-09-30","0.0","20.01","4 1902216","descuento vale tristar"
57236,13640,277,,"GASTOS GASOIL",,"2019-09-30","0.0","21.64","4 1902216","descuento"
57235,13640,277,"GAS 0013 JFV - RENAULT KANGOO","GASTOS GASOIL",,"2019-09-30","27.93","0.0","4 1902216","[GAS 0013 JFV] GAS 0013 JFV - RENAULT KANGOO 3864"
57234,13640,277,"GAS 0742 KDT - RENAULT TRAFIC","GASTOS GASOIL",,"2019-09-30","0.0","0.0","4 1902216","[GAS 0742 KDT] GAS 0742 KDT - RENAULT TRAFIC 3852, 3829"
57233,13640,277,"GAS 2440 KWM - Opel Vivaro","GASTOS GASOIL",,"2019-09-30","119.84","0.0","4 1902216","GAS 2440 KWM - Opel Vivaro"
57232,13640,277,"GAS 9355 JXV - PEUGEOT PARTNER","GASTOS GASOIL",,"2019-09-30","43.03","0.0","4 1902216","GAS 9355 JXV - PEUGEOT PARTNER "
57231,13640,277,,"Hacienda Pública. IVA soportado",,"2019-09-30","237.08","0.0","4 1902216","21% IVA soportado (bienes corrientes)"
57230,13640,277,"GAS 7273 HYP - NISSAN NAVARA (PIK UP)","GASTOS GASOIL",,"2019-09-30","56.81","0.0","4 1902216","[GAS 7273 HYP] GAS 7273 HYP - NISSAN NAVARA (PIK UP) 3868"
57229,13640,277,"GAS 8449 JXV","GASTOS GASOIL",,"2019-09-30","102.34","0.0","4 1902216","GAS 8449 JXV"
57228,13640,277,"GAS 9087 KVB - COMERCIAL","GASTOS COMERCIAL",,"2019-09-30","104.44","0.0","4 1902216","GAS 9087 KVB - COMERCIAL "
57227,13640,277,"GAS 5722 GYV - MARC DURAN","GASTOS GASOIL",,"2019-09-30","148.78","0.0","4 1902216","[GAS 5027 GYV] GAS 5722 GYV - MARC DURAN 3834,3860"
57226,13640,277,"GAS 0742 KDT - RENAULT TRAFIC","GASTOS GASOIL",,"2019-09-30","0.0","0.0","4 1902216","[GAS 0742 KDT] GAS 0742 KDT - RENAULT TRAFIC"
57225,13640,277,"GAS 2370 FKB MARIONA","GASTOS GASOIL",,"2019-09-30","104.13","0.0","4 1902216","GAS 2370 FKB MARIONA "
57224,13640,277,"GAS 2447 KWM - Opel Vivaro ","GASTOS GASOIL",,"2019-09-30","123.47","0.0","4 1902216","GAS 2447 KWM - Opel Vivaro "
57223,13640,277,"GAS 9588 JLN - OPEL VIVARO","GASTOS GASOIL",,"2019-09-30","0.0","0.0","4 1902216","[GAS 9588 JLN] GAS 9588 JLN - OPEL VIVARO "
57222,13640,277,"GAS 8990 JHZ - NISSAN CABSTAR","GASTOS GASOIL",,"2019-09-30","250.0","0.0","4 1902216","GAS 8990 JHZ - NISSAN CABSTAR "
57221,13639,,,"LA CAIXA 9400",,"2019-10-15","0.0","95.93","GASOLINA SERGIO REUS","GASOLINA"
57220,13639,,,"Gasoil 3558 KBG",,"2019-10-15","95.93","0.0","GASOLINA SERGIO REUS","GASOLINA"
57219,13638,768,,"Hacienda Pública. IVA soportado",,"2019-09-04","2.85","0.0","O 837100335","21% IVA soportado (bienes corrientes)"
57218,13638,768,"PORTES PAQUETERIA (NACEX)","Paqueteria",,"2019-09-04","13.55","0.0","O 837100335","PORTES PAQUETERIA (NACEX)"
57217,13638,768,,"Acreedores por prestaciones de servicios (euros)","2019-09-04","2019-09-04","0.0","16.4","O 837100335 - COMPRA/2019/0989","O 837100335"
57216,13637,87,,"Clientes (euros)",,"2019-10-10","0.0","847.02","PEDIDO Nº 7719075214","/"
57215,13637,87,,"SABADELL 6408",,"2019-10-10","847.02","0.0","PEDIDO Nº 7719075214","/"
57214,13636,356,,"Clientes (euros)",,"2019-10-11","0.0","3324.9",201903328,"/"
57213,13636,356,,"Clientes (euros)",,"2019-10-11","0.0","3324.9",201903328,"/"
57212,13636,356,,"SABADELL 6408",,"2019-10-11","6649.8","0.0",201903328,"/"
57211,13635,672,"VARIOS - SIN DEFINIR","Auditoria",,"2019-10-01","208.33","0.0","2019/850","trabajos correspondientes al mes"
57210,13635,672,,"Acreedores por prestaciones de servicios (euros)","2019-10-01","2019-10-01","0.0","252.08","2019/850","2019/850"
57209,13635,672,,"Hacienda Pública. IVA soportado",,"2019-10-01","43.75","0.0","2019/850","21% IVA soportado (bienes corrientes)"
57208,13634,558,,"Hacienda Pública. IVA soportado",,"2019-09-30","166.32","0.0",1901154,"21% IVA soportado (bienes corrientes)"
57207,13634,558,,"Acreedores por prestaciones de servicios (euros)","2019-11-30","2019-09-30","0.0","958.32",1901154,1901154
57206,13634,558,"VARIOS - SIN DEFINIR","Lider Reus",,"2019-09-30","792.0","0.0",1901154,"GRUA DE REUS A TARRAGONA Y REUS"
57205,13633,461,,"Hacienda Pública. IVA soportado",,"2019-07-01","28.77","0.0",2266,"21% IVA soportado (bienes corrientes)"
57204,13633,461,"VARIOS - SIN DEFINIR","Reparación Vehículos",,"2019-07-01","137.0","0.0",2266,"EQUILIBRADO"
57203,13633,461,,"Acreedores por prestaciones de servicios (euros)","2019-07-01","2019-07-01","0.0","165.77",2266,2266
57202,13632,647,,"Hacienda Pública. IVA soportado",,"2019-09-30","115.5","0.0","19/00336","21% IVA soportado (bienes corrientes)"
57201,13632,647,,"Acreedores por prestaciones de servicios (euros)","2019-11-30","2019-09-30","0.0","665.5","19/00336","19/00336"
57200,13632,647,"VARIOS - SIN DEFINIR","TMAlcudia",,"2019-09-30","550.0","0.0","19/00336","MANTENIMIENTO VACRIS MALLORCA CORRECTIVA SEPTIEMBRE"
57199,13631,647,,"Hacienda Pública. IVA soportado",,"2019-09-30","387.24","0.0","19/00335","21% IVA soportado (bienes corrientes)"
57198,13631,647,,"Acreedores por prestaciones de servicios (euros)","2019-11-30","2019-09-30","0.0","2231.24","19/00335","19/00335"
57197,13631,647,"VARIOS - SIN DEFINIR","TMAlcudia",,"2019-09-30","1844.0","0.0","19/00335","MANTENIMIENTO VACRIS MALLORCA CORRECTIVA AGOSTO"
57196,13630,647,,"Hacienda Pública. IVA soportado",,"2019-09-30","250.32","0.0","19/00334","21% IVA soportado (bienes corrientes)"
57195,13630,647,,"Acreedores por prestaciones de servicios (euros)","2019-11-30","2019-09-30","0.0","1442.32","19/00334","19/00334"
57194,13630,647,"VARIOS - SIN DEFINIR","TMAlcudia",,"2019-09-30","1192.0","0.0","19/00334","MANTENIMIENTO VACRIS MALLORCA CORRECTIVA JULIO"
57193,13629,,,"Hacienda Pública, acreedora por IVA",,"2019-06-30","0.0","35216.55","CRUCE IVA 2T 2019","CRUCE"
57192,13629,,,"Hacienda Pública. IVA repercutido",,"2019-06-30","111638.16","0.0","CRUCE IVA 2T 2019","CRUCE"
57191,13629,,,"Hacienda Pública. IVA soportado",,"2019-06-30","0.0","76421.61","CRUCE IVA 2T 2019","CRUCE"
57190,13628,,,"Hacienda Pública, acreedora por IVA",,"2019-03-31","0.0","33610.14",,"CRUCE"
57189,13628,,,"Hacienda Pública. IVA repercutido",,"2019-03-31","110324.54","0.0",,"CRUCE"
57188,13628,,,"Hacienda Pública. IVA soportado",,"2019-03-31","0.0","76714.4",,"CRUCE"
57187,13627,750,,"Clientes (euros)",,"2019-10-04","0.0","16.94","STJ2019253","/"
57186,13627,750,,"FACTURAS RECTIFICATIVAS",,"2019-10-04","16.94","0.0","STJ2019253","/"
57185,13626,750,,"Clientes (euros)",,"2019-10-04","16.94","0.0","ERROR","/"
57184,13626,750,,"FACTURAS RECTIFICATIVAS",,"2019-10-04","0.0","16.94","ERROR","/"
57183,13625,750,"VARIOS - SIN DEFINIR","Ventas de mercaderías en España",,"2019-10-04","14.0","0.0","ERROR","CERTIFICADO DIGITAL XAEI"
57182,13625,750,,"Hacienda Pública. IVA repercutido",,"2019-10-04","2.94","0.0","ERROR","IVA 21% (Bienes)"
57181,13625,750,,"Clientes (euros)","2019-10-04","2019-10-04","0.0","16.94","ERROR - AVENTA/2019/0013","ERROR"
57180,13624,379,,"Acreedores por prestaciones de servicios (euros)",,"2019-10-10","19.99","0.0",201903318,"/"
57179,13624,379,,"LA CAIXA 9400",,"2019-10-10","0.0","19.99",201903318,"/"
57178,13623,379,,"Hacienda Pública. IVA soportado",,"2019-10-10","3.47","0.0","2019 1569","21% IVA soportado (bienes corrientes)"
57177,13623,379,,"Acreedores por prestaciones de servicios (euros)","2019-10-10","2019-10-10","0.0","19.99","2019 1569 - COMPRA/2019/0982","2019 1569"
57176,13623,379,"VARIOS - SIN DEFINIR","Reparacion BICIS",,"2019-10-10","16.52","0.0","2019 1569","reparacion de bici"
57175,13622,331,,"Acreedores por prestaciones de servicios (euros)",,"2019-10-10","762.22","0.0",201903316,"/"
57174,13622,331,,"LA CAIXA 9400",,"2019-10-10","0.0","762.22",201903316,"/"
57173,13621,,,"BANCO POPULAR (0600064222)",,"2019-09-25","0.0","1241.85","TRASPASO ENTRE CUENTAS (CANCELACION POPULAR)","TRASPASP"
57172,13621,,,"Póliza de Crédito Santander (2610601455)",,"2019-09-25","1241.85","0.0","TRASPASO ENTRE CUENTAS (CANCELACION POPULAR)","TRASPASP"
57171,13620,,,"BANCO POPULAR (0600064222)",,"2019-09-19","0.0","169.73","PAGO VISA POPULAR","VISA"
57170,13620,,,"VISA JD POPULAR",,"2019-09-19","169.73","0.0","PAGO VISA POPULAR","VISA"
57169,13619,,,"BANCO POPULAR (0600064222)",,"2019-09-09","0.0","249.37","PAGO VISA POPULAR","VISA"
57168,13619,,,"VISA JD POPULAR",,"2019-09-09","249.37","0.0","PAGO VISA POPULAR","VISA"
57167,13618,,,"BANCO POPULAR (0600064222)",,"2019-08-14","0.0","399.18","PAGO VISA POPULAR","VISA"
57166,13618,,,"VISA JD POPULAR",,"2019-08-14","399.18","0.0","PAGO VISA POPULAR","VISA"
57165,13617,281,,"Acreedores por prestaciones de servicios (euros)",,"2019-10-09","3593.7","0.0",201903311,"/"
57164,13617,281,,"LA CAIXA 9400",,"2019-10-09","0.0","3593.7",201903311,"/"
57163,13616,281,,"Acreedores por prestaciones de servicios (euros)",,"2019-10-09","36.3","0.0","STJ2019251","/"
57162,13616,281,,"FACTURAS RECTIFICATIVAS",,"2019-10-09","0.0","36.3","STJ2019251","/"
57161,13615,281,,"Acreedores por prestaciones de servicios (euros)",,"2019-10-09","0.0","72.6","STJ2019250","STJ/2019/250"
57160,13615,281,,"Acreedores por prestaciones de servicios (euros)",,"2019-10-09","36.3","0.0","STJ2019250","/"
57159,13615,281,,"FACTURAS RECTIFICATIVAS",,"2019-10-09","36.3","0.0","STJ2019250","/"
57158,13614,351,"VARIOS - SIN DEFINIR","Ventas de mercaderías en España",,"2019-09-20","0.0","2500.0","FIJ/2019/0196","SERVICIO EXTRA MANTENIMIENTO ALUMBRADO SETIEMBRE"
57157,13614,351,,"Hacienda Pública. IVA repercutido",,"2019-09-20","0.0","525.0","FIJ/2019/0196","IVA 21% (Bienes)"
57156,13614,351,,"Clientes (euros)","2020-04-17","2019-09-20","3025.0","0.0","FIJ/2019/0196","/"
57155,13613,351,"VARIOS - SIN DEFINIR","Ventas de mercaderías en España",,"2019-09-20","0.0","990.0","FIJ/2019/0191","SERVICIO EXTRA MANTENIMIENTO ALUMBRADO setiembre"
57154,13613,351,,"Hacienda Pública. IVA repercutido",,"2019-09-20","0.0","207.9","FIJ/2019/0191","IVA 21% (Bienes)"
57153,13613,351,,"Clientes (euros)","2020-04-17","2019-09-20","1197.9","0.0","FIJ/2019/0191","/"
57152,13612,125,"CALZADO DE SEGURIDAD","Gastos EPI'S trabajadores",,"2019-07-30","43.5","0.0",372,"[1020] Bota de Seguridad Panter Mod. Fragua Plus Talla 43Velcro"
57151,13612,125,"PANTALON ALTA VISIBILIDAD","Gastos EPI'S trabajadores",,"2019-07-30","38.91","0.0",372,"Pantalón multibolsillos bicolor A.V. GRIS Y NARANJA TALLA 44"
57150,13612,125,,"Acreedores por prestaciones de servicios (euros)","2019-09-28","2019-07-30","0.0","231.84",372,372
57149,13612,125,,"Gastos EPI'S trabajadores",,"2019-07-30","0.0","0.01",372,"DIFERENCIA DECIMAL"
57148,13612,125,"PANTALON ALTA VISIBILIDAD","Gastos EPI'S trabajadores",,"2019-07-30","25.94","0.0",372,"[1015] antalón multibolsillos bicolor A.V. Talla 42gris/amarillo"
57147,13612,125,,"Hacienda Pública. IVA soportado",,"2019-07-30","40.25","0.0",372,"21% IVA soportado (bienes corrientes)"
57146,13612,125,"CALZADO DE SEGURIDAD","Gastos EPI'S trabajadores",,"2019-07-30","39.75","0.0",372,"Cofra Owens Calzado de seguridad deportivo "
57145,13612,125,"CALZADO DE SEGURIDAD","Gastos EPI'S trabajadores",,"2019-07-30","43.5","0.0",372,"Bota de Seguridad Panter Mod. Fragua Plus Velcro"
57144,13611,705,,"Hacienda Pública. IVA soportado",,"2019-09-27","16.21","0.0",8660657946,"21% IVA soportado (bienes corrientes)"
57143,13611,705,,"Acreedores por prestaciones de servicios (euros)","2019-10-27","2019-09-27","0.0","93.41",8660657946,8660657946
57142,13611,705,"(CC629) OTROS SERVICIOS","PAÑOS DE LIMPIEZA",,"2019-09-27","77.2","0.0",8660657946,"ALQUILER "
57141,13610,392,"VARIOS - SIN DEFINIR","ALQUILER NAVE REUS",,"2019-09-30","1289.83","0.0","A19-993","LLOGUER NAU"
57140,13610,392,,"Acreedores por prestaciones de servicios (euros)","2020-03-30","2019-09-30","0.0","6470.51","A19-993","A19-993"
57139,13610,392,,"Hacienda Pública. IVA soportado",,"2019-09-30","1122.98","0.0","A19-993","21% IVA soportado (bienes corrientes)"
57138,13610,392,,"LUZ NAVE REUS",,"2019-09-30","105.7","0.0","A19-993","LUZ NAVE "
57137,13610,392,"VARIOS - SIN DEFINIR","Taller Baix Camp",,"2019-09-30","3952.0","0.0","A19-993","REPARACIO DE CONTENIDORS CARREGA BILATERAL "
57131,13608,,,"BANCO POPULAR (0600064222)",,"2019-09-23","1060.13","0.0","CANCELACION FONDOS DE INVERSION ","FONDOS"
57130,13608,,,"Depósitos constituidos",,"2019-09-23","0.0","1000.0","CANCELACION FONDOS DE INVERSION ","FONDOS"
57129,13608,,,"Beneficios de cartera de negociación",,"2019-09-23","0.0","60.13","CANCELACION FONDOS DE INVERSION ","FONDOS"
57128,13607,379,,"Acreedores por prestaciones de servicios (euros)",,"2019-10-07","196.87","0.0",201903308,"/"
57127,13607,379,,"LA CAIXA 9400",,"2019-10-07","0.0","196.87",201903308,"/"
57126,13606,379,,"Hacienda Pública. IVA soportado",,"2019-10-08","34.17","0.0","2019 1552","21% IVA soportado (bienes corrientes)"
57125,13606,379,,"Acreedores por prestaciones de servicios (euros)","2019-10-08","2019-10-08","0.0","196.87","2019 1552 - COMPRA/2019/0980","2019 1552"
57124,13606,379,"VARIOS - SIN DEFINIR","Reparacion BICIS",,"2019-10-08","162.7","0.0","2019 1552","reparacion de bici"
57123,13605,764,,"Acreedores por prestaciones de servicios (euros)",,"2019-10-08","2911.0","0.0",201903306,"/"
57122,13605,764,,"LA CAIXA 9400",,"2019-10-08","0.0","2911.0",201903306,"/"
57121,13604,764,,"Acreedores por prestaciones de servicios (euros)","2019-10-03","2019-10-03","0.0","11645.0","2019/1/1419 - COMPRA/2019/0979","2019/1/1419"
57120,13604,764,"VARIOS - SIN DEFINIR","Otros gastos sociales",,"2019-10-03","11645.0","0.0","2019/1/1419","MASTER EJECUTIVO EN DIRECCION FINANCIERA"
57119,13603,,,"CAIXA D'ENGINYERS (1400030500)",,"2019-10-01","0.0","9.0",,"COMISSIO"
57118,13603,,,"Servicios bancarios y similares",,"2019-10-01","9.0","0.0",,"COMISSIO"
57117,13602,754,"VINILO LAMINADO TRANSPARENTE BRILLO 90 MICRAS - MONOMERICO 1.370X50M (ROLLO)","PLOTTER",,"2019-09-27","230.16","0.0",43996,"[M010P] LAMINADO MONOMÈRIC BRILLO 1370X50M"
57116,13602,754,"VINILO LAMINADO TRANSPARENTE MATE  - MONOMERICO 1.370X50M (ROLLO)","PLOTTER",,"2019-09-27","387.16","0.0",43996,"[M011P ] LAMINADO MONOMÉRICO TRANSPARENTE MATE 1.370X50M"
57115,13602,754,,"Hacienda Pública. IVA soportado",,"2019-09-27","129.63","0.0",43996,"21% IVA soportado (bienes corrientes)"
57114,13602,754,,"Acreedores por prestaciones de servicios (euros)","2019-12-25","2019-09-27","0.0","746.95",43996,43996
57113,13601,,,"Comisiones Bankia",,"2019-09-30","0.6","0.0","PRESTAMO BANKIA","PRESTAMO"
57112,13601,,,"CUENTA BANKIA 000028113",,"2019-09-30","0.0","646.13","PRESTAMO BANKIA","PRESTAMO"
57111,13601,,,"Comisiones Bankia",,"2019-09-30","24.66","0.0","PRESTAMO BANKIA","PRESTAMO"
57110,13601,,,"PRESTAMO BANKIA CP",,"2019-09-30","620.87","0.0","PRESTAMO BANKIA","PRESTAMO"
57109,13600,,,"CUENTA BANKIA 000028113",,"2019-09-01","0.0","1.0","CARGO POR COBRO DE SERVICIOS","cargo"
57108,13600,,,"Comisiones Bankia",,"2019-09-01","1.0","0.0","CARGO POR COBRO DE SERVICIOS","cargo"
57105,13600,,,"CUENTA BANKIA 000028113",,"2019-09-01","0.0","9.0","CARGO POR COBRO DE SERVICIOS","cargo"
57104,13600,,,"Comisiones Bankia",,"2019-09-01","9.0","0.0","CARGO POR COBRO DE SERVICIOS","cargo"
57103,13599,,,"CUENTA BANKIA 000028113",,"2019-09-16","0.0","28.0","CUOTA ANUAL VISA","VISA"
57102,13599,,,"Comisiones Bankia",,"2019-09-16","28.0","0.0","CUOTA ANUAL VISA","VISA"
57101,13599,,,"CUENTA BANKIA 000028113",,"2019-09-16","0.0","28.0","CUOTA ANUAL VISA","VISA"
57100,13599,,,"Comisiones Bankia",,"2019-09-16","28.0","0.0","CUOTA ANUAL VISA","VISA"
57099,13599,,,"CUENTA BANKIA 000028113",,"2019-09-16","28.0","0.0","CUOTA ANUAL VISA","VISA"
57098,13599,,,"Comisiones Bankia",,"2019-09-16","0.0","28.0","CUOTA ANUAL VISA","VISA"
57097,13599,,,"CUENTA BANKIA 000028113",,"2019-09-16","43.0","0.0","CUOTA ANUAL VISA","VISA"
57096,13599,,,"Comisiones Bankia",,"2019-09-16","0.0","43.0","CUOTA ANUAL VISA","VISA"
57095,13599,,,"CUENTA BANKIA 000028113",,"2019-09-16","0.0","43.0","CUOTA ANUAL VISA","VISA"
57094,13599,,,"Comisiones Bankia",,"2019-09-16","43.0","0.0","CUOTA ANUAL VISA","VISA"
57093,13598,,,"CUENTA BANKIA 000028113",,"2019-09-09","0.0","106.28","PAGO VISA BANKIA","VISA"
57092,13598,,,"VISA JD BANKIA",,"2019-09-09","106.28","0.0","PAGO VISA BANKIA","VISA"
57091,13597,,,"CUENTA BANKIA 000028113",,"2019-09-01","0.0","159.22","PAGO VISA BANKIA","VISA"
57090,13597,,,"VISA JD BANKIA",,"2019-09-01","159.22","0.0","PAGO VISA BANKIA","VISA"
57088,13595,,,"Póliza de Crédito Santander (2610601455)",,"2019-09-30","0.0","2214.87","TRASPASO ENTRE CUENTAS","TRASPASO"
57087,13595,,,"CC SANTANDER",,"2019-09-30","2214.87","0.0","TRASPASO ENTRE CUENTAS","TRASPASO"
57086,13594,,,"Póliza de Crédito Santander (2610601455)",,"2019-09-20","0.0","1055.76","TRASPASO ENTRE CUENTAS","TRASPASO"
57085,13594,,,"CC SANTANDER",,"2019-09-20","1055.76","0.0","TRASPASO ENTRE CUENTAS","TRASPASO"
57084,13593,,,"Póliza de Crédito Santander (2610601455)",,"2019-09-14","14783.18","0.0","TRASPASO ENTRE CUENTAS","TRASPASO"
57083,13593,,,"CC SANTANDER",,"2019-09-14","0.0","14783.18","TRASPASO ENTRE CUENTAS","TRASPASO"
57082,13592,,,"Póliza de Crédito Santander (2610601455)",,"2019-09-04","0.0","205.04","TRASPASO ENTRE CUENTAS","TRASPASO"
57081,13592,,,"CC SANTANDER",,"2019-09-04","205.04","0.0","TRASPASO ENTRE CUENTAS","TRASPASO"
57080,13591,,,"Póliza de Crédito Santander (2610601455)",,"2019-09-04","0.0","205.04","TRASPASO ENTRE CUENTAS","TRASPASO"
57079,13591,,,"CC SANTANDER",,"2019-09-04","205.04","0.0","TRASPASO ENTRE CUENTAS","TRASPASO"
57078,13590,,,"Póliza de Crédito Santander (2610601455)",,"2019-09-02","0.0","81.85","TRASPASO ENTRE CUENTAS","TRASPASO"
57077,13590,,,"CC SANTANDER",,"2019-09-02","81.85","0.0","TRASPASO ENTRE CUENTAS","TRASPASO"
57076,13589,,,"Intereses a corto plazo de deudas",,"2019-09-30","0.94","0.0",,"PRESTAMO"
57075,13589,,,"Otros gastos financieros",,"2019-09-30","0.6","0.0",,"PRESTAMO"
57074,13589,,,"Póliza de Crédito Santander (2610601455)",,"2019-09-30","0.0","11335.82",,"PRESTAMO"
57073,13589,,,"PRESTAMO SANTANDER IVA+IRPF",,"2019-09-30","11334.28","0.0",,"PRESTAMO"
57072,13588,,,"Póliza de Crédito Santander (2610601455)",,"2019-09-16","0.0","487.66","PRESTAMO ICO ","PRESTAMO"
57071,13588,,,"ICO REFORMAS 2019",,"2019-09-16","433.33","0.0","PRESTAMO ICO ","PRESTAMO"
57070,13588,,,"Intereses Préstamo ICO Santander",,"2019-09-16","54.33","0.0","PRESTAMO ICO ","PRESTAMO"
57069,13587,172,,"Acreedores por prestaciones de servicios (euros)",,"2019-09-23","712.23","0.0",201903289,"/"
57068,13587,172,,"Póliza de Crédito Santander (2610601455)",,"2019-09-23","0.0","712.23",201903289,"/"
57067,13586,172,,"Hacienda Pública. IVA soportado",,"2019-09-23","123.61","0.0","3870418R","21% IVA soportado (bienes corrientes)"
57066,13586,172,"VARIOS - SIN DEFINIR","ARRENDAMIENTO SANTANDER",,"2019-09-23","588.62","0.0","3870418R","ARRENDAMIENTO SANTANDER 004918797500387430 (31 DE 36)"
57065,13586,172,,"Acreedores por prestaciones de servicios (euros)","2019-09-23","2019-09-23","0.0","712.23","3870418R - COMPRA/2019/0977","3870418R"
57064,13585,428,,"Clientes (euros)",,"2019-09-20","0.0","444.07","of-tiana_20190612","/"
57063,13585,428,,"CC SANTANDER",,"2019-09-20","444.07","0.0","of-tiana_20190612","/"
57062,13584,181,,"Acreedores por prestaciones de servicios (euros)",,"2019-09-02","81.85","0.0",201903286,"/"
57061,13584,181,,"CC SANTANDER",,"2019-09-02","0.0","81.85",201903286,"/"
57060,13583,181,,"Acreedores por prestaciones de servicios (euros)",,"2019-09-04","205.04","0.0",201903285,"/"
57059,13583,181,,"CC SANTANDER",,"2019-09-04","0.0","205.04",201903285,"/"
57058,13582,171,,"Acreedores por prestaciones de servicios (euros)",,"2019-09-30","1467.97","0.0",201903284,"/"
57057,13582,171,,"CC SANTANDER",,"2019-09-30","0.0","1467.97",201903284,"/"
57056,13581,743,,"Clientes (euros)",,"2019-10-08","0.0","597.74",201903283,"/"
57055,13581,743,,"CC SANTANDER",,"2019-10-08","597.74","0.0",201903283,"/"
57054,13580,,,"SABADELL 6408",,"2019-09-27","0.0","203.87",,"RC"
57053,13580,,,"Primas de seguros",,"2019-09-27","203.87","0.0",,"RC"
57052,13579,,,"SABADELL 6408",,"2019-09-30","0.0","362.95","PRESTAMO ADEUDO DE COMISIONES 8075837306","prestamo"
57051,13579,,,"Deudas a largo plazo con BS",,"2019-09-30","328.73","0.0","PRESTAMO ADEUDO DE COMISIONES 8075837306","prestamo"
57050,13579,,,"Intereses Banco Sabadell",,"2019-09-30","34.22","0.0","PRESTAMO ADEUDO DE COMISIONES 8075837306","prestamo"
57049,13578,,,"SABADELL 6408",,"2019-09-30","0.0","450.89","PRESTAMO ADEUDO DE COMISIONES 8075531433","prestamo"
57048,13578,,,"Deudas a largo plazo con BS cuota 450,89",,"2019-09-30","421.18","0.0","PRESTAMO ADEUDO DE COMISIONES 8075531433","prestamo"
57047,13578,,,"Intereses Banco Sabadell",,"2019-09-30","29.71","0.0","PRESTAMO ADEUDO DE COMISIONES 8075531433","prestamo"
57046,13577,374,,"Acreedores por prestaciones de servicios (euros)",,"2019-09-30","462.79","0.0",201903279,"/"
57045,13577,374,,"SABADELL 6408",,"2019-09-30","0.0","462.79",201903279,"/"
57044,13576,374,,"Acreedores por prestaciones de servicios (euros)",,"2019-09-30","484.0","0.0",201903278,"/"
57043,13576,374,,"SABADELL 6408",,"2019-09-30","0.0","484.0",201903278,"/"
57042,13575,374,,"Acreedores por prestaciones de servicios (euros)",,"2019-09-30","653.4","0.0",201903277,"/"
57041,13575,374,,"SABADELL 6408",,"2019-09-30","0.0","653.4",201903277,"/"
57040,13574,,,"SABADELL 6408",,"2019-09-16","0.0","20.0",,"ASSOC"
57039,13574,,,"ASSOC. CATALANA.CETS",,"2019-09-16","20.0","0.0",,"ASSOC"
57038,13573,,,"SABADELL 6408",,"2019-08-31","0.0","277.24","INTERESES Y/O COMISIONES","INTERESES"
57037,13573,,,"Comisiones Sabadell",,"2019-08-31","277.24","0.0","INTERESES Y/O COMISIONES","INTERESES"
57036,13572,,,"SABADELL 6408",,"2019-09-05","0.0","508.56","PAGO VISA JD SABADELL","VISA"
57035,13572,,,"VISA JD BSABADELL",,"2019-09-05","508.56","0.0","PAGO VISA JD SABADELL","VISA"
57032,13569,436,,"Clientes (euros)",,"2019-09-02","0.0","1627.45",201903273,"/"
57031,13569,436,,"SABADELL 6408",,"2019-09-02","1627.45","0.0",201903273,"/"
57030,13568,167,,"Acreedores por prestaciones de servicios (euros)",,"2019-09-03","3.0","0.0",201903272,"/"
57029,13568,167,,"SABADELL 6408",,"2019-09-03","0.0","3.0",201903272,"/"
57028,13567,380,,"Acreedores por prestaciones de servicios (euros)",,"2019-09-04","363.17","0.0",201903271,"/"
57027,13567,380,,"SABADELL 6408",,"2019-09-04","0.0","363.17",201903271,"/"
57026,13566,115,,"Acreedores por prestaciones de servicios (euros)",,"2019-09-05","489.81","0.0",201903270,"/"
57025,13566,115,,"SABADELL 6408",,"2019-09-05","0.0","489.81",201903270,"/"
57024,13565,115,,"Acreedores por prestaciones de servicios (euros)",,"2019-09-05","145.2","0.0",201903269,"/"
57023,13565,115,,"SABADELL 6408",,"2019-09-05","0.0","145.2",201903269,"/"
57022,13564,,,"BBVA 5013",,"2019-09-03","0.0","16.72",,"COMISION APERTURA"
57021,13564,,,"Comisiones Poliza BBVA",,"2019-09-03","16.72","0.0",,"COMISION APERTURA"
57020,13563,,,"BBVA 5013",,"2019-09-23","0.0","465.6","AMORT PRESTAMO BBVA","PRESTAMO"
57019,13563,,,"DEUDAS C/P CON BBVA",,"2019-09-23","452.4","0.0","AMORT PRESTAMO BBVA","PRESTAMO"
57018,13563,,,"Intereses Poliza BBVA",,"2019-09-23","12.6","0.0","AMORT PRESTAMO BBVA","PRESTAMO"
57017,13563,,,"Otros gastos financieros",,"2019-09-23","0.6","0.0","AMORT PRESTAMO BBVA","PRESTAMO"
57016,13562,293,,"Acreedores por prestaciones de servicios (euros)",,"2019-09-30","46.96","0.0",201903266,"/"
57015,13562,293,,"BBVA 5013",,"2019-09-30","0.0","46.96",201903266,"/"
57014,13561,293,,"Hacienda Pública. IVA soportado",,"2019-09-30","8.15","0.0","E631909039139","21% IVA soportado (bienes corrientes)"
57013,13561,293,,"Acreedores por prestaciones de servicios (euros)","2019-09-30","2019-09-30","0.0","46.96","E631909039139 - COMPRA/2019/0976","E631909039139"
57012,13561,293,"VARIOS - SIN DEFINIR","Prosegur Alarma",,"2019-09-30","38.81","0.0","E631909039139","QUOTA MENSUAL "
57011,13560,293,,"Acreedores por prestaciones de servicios (euros)",,"2019-09-30","58.04","0.0",201903264,"/"
57010,13560,293,,"BBVA 5013",,"2019-09-30","0.0","58.04",201903264,"/"
57009,13559,293,,"Hacienda Pública. IVA soportado",,"2019-09-30","10.07","0.0","E631909039138","21% IVA soportado (bienes corrientes)"
57008,13559,293,,"Acreedores por prestaciones de servicios (euros)","2019-09-30","2019-09-30","0.0","58.04","E631909039138 - COMPRA/2019/0975","E631909039138"
57007,13559,293,"VARIOS - SIN DEFINIR","Prosegur Alarma",,"2019-09-30","47.97","0.0","E631909039138","CONTRATO 502181781"
57006,13558,293,,"Acreedores por prestaciones de servicios (euros)",,"2019-09-02","58.04","0.0",201903262,"/"
57005,13558,293,,"BBVA 5013",,"2019-09-02","0.0","58.04",201903262,"/"
57004,13557,293,,"Acreedores por prestaciones de servicios (euros)",,"2019-09-02","46.96","0.0",201903261,"/"
57003,13557,293,,"BBVA 5013",,"2019-09-02","0.0","46.96",201903261,"/"
57002,13556,,,"CC SANTANDER",,"2019-09-05","0.0","156.24","VIAT MARC","VIAT"
57001,13556,,,"Via-T Marc la Caixa",,"2019-09-05","156.24","0.0","VIAT MARC","VIAT"
57000,13555,,,"SABADELL 6408",,"2019-10-08","0.0","40.8","T10","T10"
56999,13555,,,"GASTOS T10",,"2019-10-08","40.8","0.0","T10","T10"
56998,13554,750,,"Hacienda Pública. IVA repercutido",,"2019-10-04","0.0","2.94","VEN/2019/0187","IVA 21% (Bienes)"
56997,13554,750,,"Clientes (euros)","2019-10-04","2019-10-04","16.94","0.0","VEN/2019/0187","/"
56996,13554,750,"VARIOS - SIN DEFINIR","Ventas de mercaderías en España",,"2019-10-04","0.0","14.0","VEN/2019/0187","CERTIFICADO DIGITAL XAEI"
56995,13553,120,"VARIOS - SIN DEFINIR","Trabajos TEB Solutions",,"2019-09-30","4233.0","0.0","S19-09/0031","FEINES CONTENIDORS"
56994,13553,120,,"Hacienda Pública. IVA soportado",,"2019-09-30","888.93","0.0","S19-09/0031","21% IVA soportado (bienes corrientes)"
56993,13553,120,,"Acreedores por prestaciones de servicios (euros)","2020-03-25","2019-09-30","0.0","5121.93","S19-09/0031","S19-09/0031"
56992,13552,120,,"Hacienda Pública. IVA soportado",,"2019-09-30","135.74","0.0","S19-09/0030","21% IVA soportado (bienes corrientes)"
56991,13552,120,,"Acreedores por prestaciones de servicios (euros)","2019-10-25","2019-09-30","0.0","782.13","S19-09/0030","S19-09/0030"
56990,13552,120,"VARIOS - SIN DEFINIR","GASTOS LIMPIEZA",,"2019-09-30","646.39","0.0","S19-09/0030","NETEJA D'INSTAL.LACIONS"
56989,13551,672,,"LA CAIXA 9400",,"2019-09-16","0.0","205.7","COBRO AUDILEGALIA (ERROR)","RECIBO"
56988,13551,672,,"Acreedores por prestaciones de servicios (euros)",,"2019-09-16","205.7","0.0","COBRO AUDILEGALIA (ERROR)","RECIBO"
56987,13550,568,,"Acreedores por prestaciones de servicios (euros)",,"2019-09-12","72.91","0.0",201903254,"/"
56986,13550,568,,"LA CAIXA 9400",,"2019-09-12","0.0","72.91",201903254,"/"
56985,13549,,,"LA CAIXA 9400",,"2019-09-05","0.0","190.53","VIAT JD LA CAIXA","VIAT"
56984,13549,,,"Via-T JD la Caixa",,"2019-09-05","190.53","0.0","VIAT JD LA CAIXA","VIAT"
56983,13548,132,,"Clientes (euros)",,"2019-09-05","0.0","263.3",201903252,"/"
56982,13548,132,,"LA CAIXA 9400",,"2019-09-05","263.3","0.0",201903252,"/"
56981,13547,310,,"Acreedores por prestaciones de servicios (euros)",,"2019-08-02","27.22","0.0",201903250,"/"
56980,13547,310,,"VISA JD LA CAIXA",,"2019-08-02","0.0","27.22",201903250,"/"
56979,13546,310,,"Acreedores por prestaciones de servicios (euros)",,"2019-07-30","80.25","0.0",201903249,"/"
56978,13546,310,,"VISA JD LA CAIXA",,"2019-07-30","0.0","80.25",201903249,"/"
56977,13545,,,"VISA JD LA CAIXA",,"2019-09-01","0.0","358.67","DESGLOSE VISA JD 20/07 AL 20/08","DESGLOSE"
56976,13545,,,"GASTOS JD LA CAIXA",,"2019-09-01","358.67","0.0","DESGLOSE VISA JD 20/07 AL 20/08","DESGLOSE"
56975,13544,,,"LA CAIXA 9400",,"2019-09-01","0.0","466.14","PAGO VISA JD LA CAIXA","VISA"
56974,13544,,,"VISA JD LA CAIXA",,"2019-09-01","466.14","0.0","PAGO VISA JD LA CAIXA","VISA"
56973,13543,159,,"LA CAIXA 9400",,"2019-09-11","206.93","0.0","DEVOLUION TRANSFERENCIA GESIPA","DEVOLUCIO"
56972,13543,159,,"Acreedores por prestaciones de servicios (euros)",,"2019-09-11","0.0","206.93","DEVOLUION TRANSFERENCIA GESIPA","DEVOLUCIO"
56971,13542,,,"LA CAIXA 9400",,"2019-09-06","0.0","19.0",,"CTA NEGOCIOS"
56970,13542,,,"Comisiones Póliza La Caixa",,"2019-09-06","19.0","0.0",,"CTA NEGOCIOS"
56969,13541,733,,"Acreedores por prestaciones de servicios (euros)",,"2019-09-02","70.78","0.0",201903245,"/"
56968,13541,733,,"LA CAIXA 9400",,"2019-09-02","0.0","70.78",201903245,"/"
56967,13540,568,,"IMPRESIONES A COLOR",,"2019-10-08","0.0","0.01",19072388,"DIFERENCIA DECIMAL"
56966,13540,568,"VARIOS - SIN DEFINIR","IMPRESIONES A B/N",,"2019-10-08","18.51","0.0",19072388,"COPIAS B7N"
56965,13540,568,,"Hacienda Pública. IVA soportado",,"2019-10-08","12.66","0.0",19072388,"21% IVA soportado (bienes corrientes)"
56964,13540,568,"VARIOS - SIN DEFINIR","IMPRESIONES A COLOR",,"2019-10-08","41.75","0.0",19072388,"COPIAS COLOR "
56963,13540,568,,"Acreedores por prestaciones de servicios (euros)","2019-10-08","2019-10-08","0.0","72.91",19072388,19072388
56962,13539,302,,"Hacienda Pública. IVA soportado",,"2019-09-30","96.14","0.0","VR19-09/149","21% IVA soportado (bienes corrientes)"
56961,13539,302,"SERVEI DE JARDINERIA","GASTOS JARDINERIA",,"2019-09-30","457.8","0.0","VR19-09/149","SERVEI DE JARDINERIA "
56960,13539,302,,"Acreedores por prestaciones de servicios (euros)","2019-10-25","2019-09-30","0.0","553.94","VR19-09/149","VR19-09/149"
56959,13538,672,,"Acreedores por prestaciones de servicios (euros)",,"2019-09-10","252.08","0.0",201903242,"/"
56958,13538,672,,"LA CAIXA 9400",,"2019-09-10","0.0","252.08",201903242,"/"
56957,13537,401,,"Acreedores por prestaciones de servicios (euros)",,"2019-09-04","65.95","0.0",201903241,"/"
56956,13537,401,,"Acreedores por prestaciones de servicios (euros)",,"2019-09-04","96.23","0.0",201903241,"/"
56955,13537,401,,"LA CAIXA 9400",,"2019-09-04","0.0","162.18",201903241,"/"
56954,13536,124,,"Acreedores por prestaciones de servicios (euros)",,"2019-09-02","2295.06","0.0",201903240,"/"
56953,13536,124,,"LA CAIXA 9400",,"2019-09-02","0.0","2295.06",201903240,"/"
56952,13535,534,,"Acreedores por prestaciones de servicios (euros)",,"2019-09-02","409.34","0.0",201903239,"/"
56951,13535,534,,"LA CAIXA 9400",,"2019-09-02","0.0","409.34",201903239,"/"
56950,13534,,,"LA CAIXA 9400",,"2019-09-19","205.7","0.0","transferencia devuelta","trans"
56949,13534,672,,"Acreedores por prestaciones de servicios (euros)",,"2019-09-19","0.0","205.7","transferencia devuelta","trans"
56948,13534,,,"LA CAIXA 9400",,"2019-09-19","0.0","3.0","transferencia devuelta","trans"
56947,13534,,,"Comisiones Póliza La Caixa",,"2019-09-19","3.0","0.0","transferencia devuelta","trans"
56946,13533,709,,"Clientes (euros)",,"2019-09-21","0.0","31866.87",201903237,"/"
56945,13533,709,,"Clientes (euros)",,"2019-09-21","0.0","43789.9",201903237,"/"
56944,13533,709,,"LA CAIXA 9400",,"2019-09-21","75656.77","0.0",201903237,"/"
56942,13532,12,"PATIN DE SACRIFICIO IZQUIERDO (RR/CL)","Compras de materias primas",,"2019-09-26","203.9","0.0","VRB/99008880","[S315L0-Z090-0030] PATIN SACRIFICIO IZQ.CCL"
56941,13532,12,,"Proveedores (euros)","2019-11-30","2019-09-26","0.0","504.13","VRB/99008880","VRB/99008880"
56940,13532,12,"PATIN DE SACRIFICIO DERECHO (RR/CL)","Compras de materias primas",,"2019-09-26","203.9","0.0","VRB/99008880","[S315L0-Z090-0020] PATIN SACRIFICIO DCH.CCL"
56939,13532,12,,"Hacienda Pública. IVA soportado",,"2019-09-26","87.49","0.0","VRB/99008880","21% IVA soportado (bienes corrientes)"
56938,13532,12,"PASADOR DIN94 FE.ZN 1,6X20X25 (CLIP BULON SIRGA) (RR/CL)","Compras de materias primas",,"2019-09-26","8.87","0.0","VRB/99008880","[S2A500-2300-0190] PASADOR DIN 94 FE ZN M-1,6X16"
56937,13532,12,"VARIOS - SIN DEFINIR","Compras de materias primas",,"2019-09-26","0.0","0.03","VRB/99008880","DIFERENCIA DECIMAL"
56936,13531,739,,"Acreedores por prestaciones de servicios (euros)",,"2019-10-07","2270.31","0.0",201903235,"/"
56935,13531,739,,"LA CAIXA 9400",,"2019-10-07","0.0","2270.31",201903235,"/"
56934,13530,739,,"Hacienda Pública. IVA soportado",,"2019-10-02","206.39","0.0","19 910","10% IVA soportado (bienes corrientes)"
56933,13530,739,,"Acreedores por prestaciones de servicios (euros)","2019-10-02","2019-10-02","0.0","2270.31","19 910 - COMPRA/2019/0969","19 910"
56932,13530,739,"VARIOS - SIN DEFINIR","Publicidad, propaganda y relaciones públicas",,"2019-10-02","1063.92","0.0","19 910","ESTAND"
56931,13530,739,"VARIOS - SIN DEFINIR","Gastos subveciones XAEI",,"2019-10-02","1000.0","0.0","19 910","ESTAND"
56930,13529,534,,"Hacienda Pública. IVA soportado",,"2019-10-01","71.04","0.0","2019-7200193220","21% IVA soportado (bienes corrientes)"
56929,13529,534,,"Acreedores por prestaciones de servicios (euros)","2019-10-01","2019-10-01","0.0","409.34","2019-7200193220","2019-7200193220"
56928,13529,534,"(CC621) ALQUILERES","Arrendamientos y cánones",,"2019-10-01","68.08","0.0","2019-7200193220","ALQUILERES contrato 6800-76-0071529-99"
56927,13529,534,"(CC621) ALQUILERES","RENTING LA CAIXA",,"2019-10-01","270.22","0.0","2019-7200193220","ALQUILERES contrato 6800-76-0064281-80"
56926,13528,133,,"Acreedores por prestaciones de servicios (euros)",,"2019-10-07","1044.88","0.0",201903232,"2019/03232"
56925,13528,133,,"Proveedores (euros)",,"2019-10-07","0.0","343.9",201903232,"/"
56924,13528,133,,"Acreedores por prestaciones de servicios (euros)",,"2019-10-07","0.0","697.98",201903232,"/"
56923,13528,133,,"Proveedores (euros)",,"2019-10-07","0.0","3.0",201903232,"/"
56922,13528,133,,"Acreedores por prestaciones de servicios (euros)",,"2019-10-07","197.31","0.0",201903232,"/"
56921,13528,133,,"Acreedores por prestaciones de servicios (euros)",,"2019-10-07","7.09","0.0",201903232,"/"
56920,13528,133,,"Acreedores por prestaciones de servicios (euros)",,"2019-10-07","290.06","0.0",201903232,"/"
56919,13528,133,,"Acreedores por prestaciones de servicios (euros)",,"2019-10-07","4.65","0.0",201903232,"/"
56918,13528,133,,"LA CAIXA 9400",,"2019-10-07","0.0","499.11",201903232,"/"
56917,13527,655,,"Acreedores por prestaciones de servicios (euros)",,"2019-10-07","28.85","0.0",201903231,"/"
56916,13527,655,,"LA CAIXA 9400",,"2019-10-07","0.0","28.85",201903231,"/"
56915,13526,655,,"LA CAIXA 9400",,"2019-10-05","28.85","0.0","TRANSFERENCIA DEVUELTA DE HONEST","TRANS"
56914,13526,655,,"Acreedores por prestaciones de servicios (euros)",,"2019-10-05","0.0","28.85","TRANSFERENCIA DEVUELTA DE HONEST","TRANS"
56913,13525,655,,"LA CAIXA 9400",,"2019-10-01","0.0","28.85","TRNSFERENCIA HONEST (CUENTA INCORRECTA)","TRANS"
56912,13525,655,,"Acreedores por prestaciones de servicios (euros)",,"2019-10-01","28.85","0.0","TRNSFERENCIA HONEST (CUENTA INCORRECTA)","TRANS"
56911,13524,133,,"Hacienda Pública. IVA soportado",,"2019-07-01","0.81","0.0","F000190563","21% IVA soportado (bienes corrientes)"
56910,13524,133,,"Acreedores por prestaciones de servicios (euros)","2019-09-25","2019-07-01","0.0","4.65","F000190563 - COMPRA/2019/0967","F000190563"
56909,13524,133,"BOTE AGUA LIMPIAPARABRISAS (H2O)","Compras de otros aprovisionamientos",,"2019-07-01","3.84","0.0","F000190563","[ALM030241] AGUA DESTILADA (EUROS/GARRAFA) 5 L."
56908,13523,133,"GUARDACABOS PARA CABLE DE ACERO 5MM (MANTENIMIENTO SOTERRADOS)","Compras de otros aprovisionamientos",,"2019-07-01","16.16","0.0","F000190562","[GAY79-356] GUARDACABOS CINCAD. D.6899 GC-05"
56907,13523,133,"REMACHE ESTANDAR 4,8X12 ALU/ACE (VACRI)","Compras de materias primas",,"2019-07-01","10.34","0.0","F000190562","[XXX00000124679] REMACHE STANDARD 4,8X12  ALU/ACER CABEZA ALOMAD"
56906,13523,133,"CABLE DE ACERO 5MM - BOBINA 100M (MANTENIMIENTO SOTERRADOS)","Compras de otros aprovisionamientos",,"2019-07-01","46.78","0.0","F000190562","[GAY79-146] ROLLO CABLE ACERO GALV.100MT.(ROLLO) 5 MM. 6X7+1"
56905,13523,133,,"Acreedores por prestaciones de servicios (euros)","2019-09-25","2019-07-01","0.0","290.06","F000190562 - COMPRA/2019/0966","F000190562"
56904,13523,133,"GUANTES DE PIEL (CUERO VACUNO) TALLA-9","Compras de mercaderías",,"2019-07-01","10.46","0.0","F000190562","Movimiento extra: [1008] GUANTES DE PIEL (CUERO VACUNO) TALLA-9"
56903,13523,133,"CASQUILLO PARA PRENSAR CABLE DE ACERO 5MM (MANTENIMIENTO SOTERRADOS)","Compras de otros aprovisionamientos",,"2019-07-01","32.07","0.0","F000190562","[GAY79-542] CASQUILLO TALORIT CST-05 5MM"
56902,13523,133,"GUANTES DE PIEL (CUERO VACUNO) TALLA-8","Gastos EPI'S trabajadores",,"2019-07-01","39.21","0.0","F000190562","[PRO10G114B8] GUANTE CONDUCTOR FLOR BLANCO SAFETOP BRION T8(114B"
56901,13523,133,"GUANTES DE PIEL (CUERO VACUNO) TALLA-9","Compras de mercaderías",,"2019-07-01","39.21","0.0","F000190562","[PRO10G114B9] GUANTE CONDUCTOR FLOR BLANCO SAFETOP BRION T9(114B"
56900,13523,133,,"Hacienda Pública. IVA soportado",,"2019-07-01","50.32","0.0","F000190562","21% IVA soportado (bienes corrientes)"
56899,13523,133,"GUANTES DE PIEL (CUERO VACUNO) TALLA-10","Gastos EPI'S trabajadores",,"2019-07-01","39.21","0.0","F000190562","[PRO10G114B10] GUANTE CONDUCTOR FLOR BLANCO SAFETOP BRION T10(11"
56898,13523,133,,"Compras de otros aprovisionamientos",,"2019-07-01","0.02","0.0","F000190562","DIFERENCIA DECIMAL"
56897,13523,133,"ABRAZADERA/BRIDA DE TORNILLO PARA MANGUERAS (TALLER)","Compras de otros aprovisionamientos",,"2019-07-01","6.28","0.0","F000190562","[DAM03016516] ABRAZADERA ASFA-L W2 8-16 L"
56896,13522,133,,"Hacienda Pública. IVA soportado",,"2019-07-01","1.23","0.0","F000190561","21% IVA soportado (bienes corrientes)"
56895,13522,133,,"Acreedores por prestaciones de servicios (euros)","2019-09-25","2019-07-01","0.0","7.09","F000190561 - COMPRA/2019/0965","F000190561"
56894,13522,133,"ABRAZADERA/BRIDA DE TORNILLO PARA MANGUERAS (TALLER)","Compras de otros aprovisionamientos",,"2019-07-01","5.86","0.0","F000190561","[DAM03016516] ABRAZADERA ASFA-L W2 8-16 L"
56893,13521,133,"ADAPTADOR 50MM 1/4 H 1/4 S","Compra HR para servicios.",,"2019-07-01","12.5","0.0","F000190560","[ASLAK PAG 498 REF. 106180102] ADAPTADOR 50MM 1/4 H 1/4 S"
56892,13521,133,,"Acreedores por prestaciones de servicios (euros)","2019-09-25","2019-07-01","0.0","197.31","F000190560 - COMPRA/2019/0964","F000190560"
56891,13521,133,"ADAPTADOR MAGNETICO PORTAPUNTAS 1/4'' 70 MM","Compras de otros aprovisionamientos",,"2019-07-01","20.0","0.0","F000190560","[ASLAK - PAG.498 REF. 106160203] PORTAPUNTAS MAGNÉTICO 1/4'' 70M"
56890,13521,133,,"Hacienda Pública. IVA soportado",,"2019-07-01","34.24","0.0","F000190560","21% IVA soportado (bienes corrientes)"
56889,13521,133,"(CC601) APROVISIONAMIENTOS - MATERIAS PRIMAS","Compras de materias primas",,"2019-07-01","83.79","0.0","F000190560","HCFHE31150600 FRESA HSSE DIN-844 N S/CORTA 3115 6MM Z4"
56888,13521,133,"CABLE DE ACERO 5MM - BOBINA 100M (MANTENIMIENTO SOTERRADOS)","Compras de otros aprovisionamientos",,"2019-07-01","46.78","0.0","F000190560","[GAY79-146] ROLLO CABLE ACERO GALV.100MT.(ROLLO) 5 MM. 6X7+1"
56887,13520,,,"Mercaderías A",,"2019-09-30","0.0","7226.63","variacio d'existencies","variacio d'existencies"
56886,13520,,,"Variación de existencias de mercaderías",,"2019-09-30","7226.63","0.0","variacio d'existencies","variacio d'existencies"
56885,13519,760,,"Acreedores por prestaciones de servicios (euros)",,"2019-10-04","696.0","0.0",201903223,"/"
56884,13519,760,,"LA CAIXA 9400",,"2019-10-04","0.0","696.0",201903223,"/"
56883,13518,760,,"Hacienda Pública. IVA soportado",,"2019-09-20","120.79","0.0","SNR901N0139182","21% IVA soportado (bienes corrientes)"
56882,13518,760,,"Acreedores por prestaciones de servicios (euros)","2019-10-13","2019-09-20","0.0","696.0","SNR901N0139182 - COMPRA/2019/0963","SNR901N0139182"
56881,13518,760,"(CC628) SUMINISTROS","Gastos Electricidad",,"2019-09-20","575.21","0.0","SNR901N0139182","[CC628] SUMINISTROS (CC628)"
56880,13517,,,"SABADELL 6408",,"2019-10-04","0.0","10.2","T10 ENLLUMENAT","T10"
56879,13517,,,"GASTOS T10",,"2019-10-04","10.2","0.0","T10 ENLLUMENAT","T10"
56878,13516,132,"REPARAR/TRANSFORMAR CONTENEDOR NE/CBL 3000L RESTO","Ventas de productos terminados en España",,"2019-09-30","0.0","348.46","EAS/2019/0000082","REPARACIO I PINTAT EXTERIOR CBL 3000 ID 89520"
56877,13516,132,,"Hacienda Pública. IVA repercutido",,"2019-09-30","0.0","73.18","EAS/2019/0000082","IVA 21% (Bienes)"
56876,13516,132,,"Clientes (euros)","2020-04-15","2019-09-30","421.64","0.0","EAS/2019/0000082","/"
56875,13515,363,,"Acreedores por prestaciones de servicios (euros)",,"2019-10-04","9143.12","0.0",201903219,"/"
56874,13515,363,,"LA CAIXA 9400",,"2019-10-04","0.0","9143.12",201903219,"/"
56873,13514,363,,"Acreedores por prestaciones de servicios (euros)",,"2019-10-04","9010.87","0.0",201903218,"/"
56872,13514,363,,"LA CAIXA 9400",,"2019-10-04","0.0","9010.87",201903218,"/"
56871,13513,157,,"Hacienda Pública. IVA soportado",,"2019-10-04","77.23","0.0",60660273,"21% IVA soportado (bienes corrientes)"
56870,13513,157,,"Compras de mercaderías",,"2019-10-04","0.0","0.01",60660273,"DEPOSITO DE PAGO"
56869,13513,157,"(CC600) APROVISIONAMIENTOS - MERCADERIAS","Compras de mercaderías",,"2019-10-04","367.76","0.0",60660273,"APPLE IPAD WI-FI 32GB - SPACE GREY"
56868,13513,157,,"Acreedores por prestaciones de servicios (euros)","2019-11-03","2019-10-04","0.0","444.98",60660273,60660273
56867,13512,371,,"Hacienda Pública. IVA repercutido",,"2019-09-30","0.0","1211.98","VEN/2019/0186","IVA 21% (Bienes)"
56866,13512,371,,"Clientes (euros)","2019-11-29","2019-09-30","6983.34","0.0","VEN/2019/0186","/"
56865,13512,371,"VARIOS - SIN DEFINIR","Ventas de mercaderías en España",,"2019-09-30","0.0","5771.36","VEN/2019/0186","VACRIS Actuaciones PreventivesCATALUÑA - SEPTIEMBRE"
56864,13511,379,,"Acreedores por prestaciones de servicios (euros)",,"2019-10-01","70.06","0.0",201903215,"/"
56863,13511,379,,"LA CAIXA 9400",,"2019-10-01","0.0","70.06",201903215,"/"
56862,13510,379,,"Hacienda Pública. IVA soportado",,"2019-10-01","12.16","0.0","2019 1505","21% IVA soportado (bienes corrientes)"
56861,13510,379,,"Acreedores por prestaciones de servicios (euros)","2019-10-01","2019-10-01","0.0","70.06","2019 1505 - COMPRA/2019/0961","2019 1505"
56860,13510,379,"(CC218) INMOVILIZABLE - ELEMENTOS DE TRANSPORTE","Reparacion BICIS",,"2019-10-01","57.9","0.0","2019 1505","CÁMARAS DE AIRE PARA RUEDAS DE BICICLETA ELÉCTRICA FREEL:"
56859,13509,173,,"Hacienda Pública. IVA soportado",,"2019-09-30","12.73","0.0","0821A 32056","21% IVA soportado (bienes corrientes)"
56858,13509,173,,"Acreedores por prestaciones de servicios (euros)","2019-10-30","2019-09-30","0.0","73.37","0821A 32056","0821A 32056"
56857,13509,173,"PORTES PAQUETERIA (NACEX)","Paqueteria",,"2019-09-30","60.64","0.0","0821A 32056","PORTES PAQUETERIA (NACEX)"
56856,13508,401,,"Gastos Peajes",,"2019-08-31","0.05","0.0","RA000179853","COMISION AUTOPISTAS"
56855,13508,401,,"Acreedores por prestaciones de servicios (euros)","2019-08-31","2019-08-31","0.0","5.89","RA000179853","RA000179853"
56854,13508,401,,"Hacienda Pública. IVA soportado",,"2019-08-31","1.02","0.0","RA000179853","21% IVA soportado (bienes corrientes)"
56853,13508,401,"VARIOS - SIN DEFINIR","Gastos Peajes",,"2019-08-31","4.82","0.0","RA000179853","AUTOPISTAS"
56852,13507,401,,"Gastos Peajes",,"2019-09-30","2.67","0.0","A000845923","COMISION AUTOPISTAS"
56851,13507,401,"VARIOS - SIN DEFINIR","Gastos Peajes",,"2019-09-30","27.88","0.0","A000845923","9355JVY PEAJES JD"
56850,13507,401,,"Hacienda Pública. IVA soportado",,"2019-09-30","69.53","0.0","A000845923","21% IVA soportado (bienes corrientes)"
56849,13507,401,,"GASTOS GASOIL",,"2019-09-30","0.0","5.6","A000845923","DESCUENTO ESTACION"
56848,13507,401,"GAS 0013 JFV - RENAULT KANGOO","GASTOS GASOIL",,"2019-09-30","33.06","0.0","A000845923","[GAS 0013 JFV] GAS 0013 JFV - RENAULT KANGOO"
56847,13507,401,,"Acreedores por prestaciones de servicios (euros)","2019-09-30","2019-09-30","0.0","400.67","A000845923","A000845923"
56846,13507,401,,"Gastos Parkings",,"2019-09-30","20.5","0.0","A000845923","9355JXV PKG JD"
56845,13507,401,"VARIOS - SIN DEFINIR","Gastos Peajes",,"2019-09-30","190.96","0.0","A000845923","8990JHZ"
56844,13507,401,,"Gastos Peajes",,"2019-09-30","0.0","0.12","A000845923","DIFERENCIA"
56843,13507,401,"GAS 9541KVY - JORDI DURAN ","GASOIL JD",,"2019-09-30","61.79","0.0","A000845923","GAS 9541KVY - JORDI DURAN "
56842,13506,401,,"Gastos Peajes",,"2019-07-31","0.0","0.05","RA000179855","COMISION AUTOPISTAS"
56841,13506,401,,"Hacienda Pública. IVA soportado",,"2019-07-31","0.0","0.93","RA000179855","21% IVA soportado (bienes corrientes)"
56840,13506,401,,"Acreedores por prestaciones de servicios (euros)","2019-07-31","2019-07-31","5.36","0.0","RA000179855","RA000179855"
56839,13506,401,"VARIOS - SIN DEFINIR","Gastos Peajes",,"2019-07-31","0.0","4.38","RA000179855","AUTOPISTAS"
56838,13505,118,,"Acreedores por prestaciones de servicios (euros)",,"2019-10-04","1058.75","0.0",201903209,"/"
56837,13505,118,,"LA CAIXA 9400",,"2019-10-04","0.0","1058.75",201903209,"/"
56836,13504,118,,"Hacienda Pública. IVA soportado",,"2019-10-02","183.75","0.0","RE191003","21% IVA soportado (bienes corrientes)"
56835,13504,118,"VARIOS - SIN DEFINIR","DATAX",,"2019-10-02","875.0","0.0","RE191003","RENOVACION DE CONTRATO"
56834,13504,118,,"Acreedores por prestaciones de servicios (euros)","2019-10-17","2019-10-02","0.0","1058.75","RE191003 - COMPRA/2019/0956","RE191003"
56833,13503,,,"LA CAIXA 9400",,"2019-10-04","0.0","9.99","COMPRAR AMAZON","AMAZON"
56832,13503,,,"Compras de mercaderías",,"2019-10-04","9.99","0.0","COMPRAR AMAZON","AMAZON"
56831,13502,59,"BIELAS FONDO (NE/CBL)","Compras de mercaderías",,"2019-09-30","311.04","0.0",190849,"[547X50X4] BIELA CBL GALV. ESP.4MM"
56830,13502,59,"PASAMANOS DE SEGURIDAD TAPA CALLE (RR/CL)","Compras de materias primas",,"2019-09-30","72.8","0.0",190849,"Movimiento extra: [19] PASAMANOS DE SEGURIDAD TAPA CALLE (RR/CL)"
56829,13502,59,,"Acreedores por prestaciones de servicios (euros)","2020-01-25","2019-09-30","0.0","2376.25",190849,190849
56828,13502,59,,"Hacienda Pública. IVA soportado",,"2019-09-30","412.41","0.0",190849,"21% IVA soportado (bienes corrientes)"
56827,13502,59,"PASAMANOS DE SEGURIDAD TAPA CALLE (RR/CL)","Compras de materias primas",,"2019-09-30","1400.0","0.0",190849,"[126000212] PASAMANO SEGURIDAD +10 (ALTO) GALV. ESP.3MM (PLANO X"
56826,13502,59,"PLETINA REPARACIÓN BISABRA PORTEZUELA XXA (NE/CBL)","Compras de mercaderías",,"2019-09-30","180.0","0.0",190849,"[PLANO 205] PLETINA REP. BISAGRA PORTEZUELA XXA (NE/CBL)"
56825,13501,307,,"Hacienda Pública. IVA soportado",,"2019-09-30","5.05","0.0","B191371451","10% IVA soportado (bienes corrientes)"
56824,13501,307,"VARIOS VENTAS - SERVICIO1","AGUA PARA CONSUMO",,"2019-09-30","50.49","0.0","B191371451","CONSUMO"
56823,13501,307,,"Acreedores por prestaciones de servicios (euros)","2020-01-25","2019-09-30","0.0","55.54","B191371451","B191371451"
56822,13500,391,,"Hacienda Pública. IVA soportado",,"2019-09-30","28.73","0.0",904001294,"21% IVA soportado (bienes corrientes)"
56821,13500,391,"DISCO CORTE 125MM - INOX PFERD","Compras de otros aprovisionamientos",,"2019-09-30","136.8","0.0",904001294,"[001 61341112] PFERD DISCO CORTE EHT 125-1,0 A60 R SG INOX"
56820,13500,391,,"Acreedores por prestaciones de servicios (euros)","2019-11-25","2019-09-30","0.0","165.53",904001294,904001294
56819,13499,380,,"Hacienda Pública. IVA soportado",,"2019-10-01","51.63","0.0",719103007444,"21% IVA soportado (bienes corrientes)"
56818,13499,380,"VARIOS - SIN DEFINIR","Alquiler Renting Kangoo Mat.0013JFV",,"2019-10-01","65.7","0.0",719103007444,"ASSEGURANÇA"
56817,13499,380,"VARIOS - SIN DEFINIR","Alquiler Renting Kangoo Mat.0013JFV",,"2019-10-01","245.84","0.0",719103007444,"0013JFV"
56816,13499,380,,"Acreedores por prestaciones de servicios (euros)","2019-10-01","2019-10-01","0.0","363.17",719103007444,719103007444
56815,13498,393,,"Hacienda Pública. IVA soportado",,"2019-09-30","19.53","0.0","2019/347","21% IVA soportado (bienes corrientes)"
56814,13498,393,"VARIOS - SIN DEFINIR","Compras de mercaderías",,"2019-09-30","63.0","0.0","2019/347","HORES CODIS QR"
56813,13498,393,,"Acreedores por prestaciones de servicios (euros)","2019-11-30","2019-09-30","0.0","112.53","2019/347","2019/347"
56812,13498,393,"VARIOS VENTAS - SERVICIO1","Compras de mercaderías",,"2019-09-30","30.0","0.0","2019/347","ervei vehicle "
56811,13497,660,,"Hacienda Pública. IVA soportado",,"2019-09-30","40.95","0.0","1001213I1902182","10% IVA soportado (bienes corrientes)"
56810,13497,660,"ALQUILER CNT. CADENAS (CONTENEDORES-BAÑERA)","Compras de mercaderías",,"2019-09-30","182.87","0.0","1001213I1902182","ALQUILER CNT. CADENAS (CONTENEDORES-BAÑERA)"
56809,13497,660,,"Acreedores por prestaciones de servicios (euros)","2019-11-25","2019-09-30","0.0","450.38","1001213I1902182","1001213I1902182"
56808,13497,660,"ELIMINACIÓN DE RESIDUOS CAMPA (CONTENEDORES-BAÑERA)","Compras de mercaderías",,"2019-09-30","226.54","0.0","1001213I1902182","ELIMINACIÓN DE RESIDUOS CAMPA (CONTENEDORES-BAÑERA)"
56807,13497,660,,"Compras de mercaderías",,"2019-09-30","0.02","0.0","1001213I1902182","DIFERENCIA DECIMAL"
56806,13496,,,"CUENTA BANKIA 000028113",,"2019-08-01","0.0","2.0","CARGO POR COBRO DE SERVICIOS","cargo"
56805,13496,,,"Comisiones Bankia",,"2019-08-01","2.0","0.0","CARGO POR COBRO DE SERVICIOS","cargo"
56804,13496,,,"CUENTA BANKIA 000028113",,"2019-08-01","0.0","0.38","CARGO POR COBRO DE SERVICIOS","cargo"
56803,13496,,,"Comisiones Bankia",,"2019-08-01","0.38","0.0","CARGO POR COBRO DE SERVICIOS","cargo"
56802,13496,,,"CUENTA BANKIA 000028113",,"2019-08-01","0.0","9.0","CARGO POR COBRO DE SERVICIOS","cargo"
56801,13496,,,"Comisiones Bankia",,"2019-08-01","9.0","0.0","CARGO POR COBRO DE SERVICIOS","cargo"
56800,13495,,,"CUENTA BANKIA 000028113",,"2019-08-01","0.0","197.19","PAGO VISA BANKIA","VISA"
56799,13495,,,"VISA JD BANKIA",,"2019-08-01","197.19","0.0","PAGO VISA BANKIA","VISA"
56798,13494,,,"Comisiones Bankia",,"2019-08-30","0.6","0.0","PRESTAMO BANKIA","PRESTAMO"
56797,13494,,,"CUENTA BANKIA 000028113",,"2019-08-30","0.0","646.13","PRESTAMO BANKIA","PRESTAMO"
56796,13494,,,"Comisiones Bankia",,"2019-08-30","26.27","0.0","PRESTAMO BANKIA","PRESTAMO"
56795,13494,,,"PRESTAMO BANKIA CP",,"2019-08-30","619.26","0.0","PRESTAMO BANKIA","PRESTAMO"
